"USA","Albuquerque Int Airport","BRANCH:46275"
"USA","Albuquerque","REGION:3607"
"USA","Phoenix Int Airport","BRANCH:9"
"USA","Phoenix","REGION:1489"
"USA","Aspen Airport","BRANCH:45374"
"USA","Aspen CO","REGION:3533"
"USA","Baltimore Int Airport","BRANCH:45435"
"USA","Los Angeles Int Airport","BRANCH:40352"
"USA","Beverly Hills","BRANCH:40729"
"USA","Beverly Hills, CA","REGION:2502"
"USA","Pasadena Downtown ","BRANCH:47257"
"USA","Los Angeles Downtown","BRANCH:44585"
"USA","Los Angeles Studio City","BRANCH:45771"
"USA","Los Angeles Venice Beach","BRANCH:41206"
"USA","West Hollywood","BRANCH:41418"
"USA","Anaheim Downtown (March 29)","BRANCH:47555"
"USA","Huntington Beach Downtown","BRANCH:47578"
"USA","Inglewood (Local customers)","BRANCH:45897"
"USA","Redondo Beach/Deliveries","BRANCH:45896"
"USA","Boca Raton near Mizner Park","BRANCH:40155"
"USA","Boca Raton","REGION:2955"
"USA","Boston Int Airport","BRANCH:45974"
"USA","Boston MA","REGION:3577"
"USA","Boston/Westin Seaport ","BRANCH:46647"
"USA","Los Angeles","REGION:2369"
"Mexico","Los Barriles","REGION:3535"
"Argentina","San Martin de los Andes","REGION:3583"
"USA","Jersey City NJ","REGION:2883"
"Kuwait","Kuwait City","REGION:3302"
"Mexico","Mexico City","REGION:993"
"USA","Mountain View/Deliveries","BRANCH:46055"
"USA","Mountain View CA","REGION:2571"
"USA","Long Beach, CA","REGION:3574"
"USA","Palm Beach","REGION:1364"
"USA","Pompano Beach","REGION:2288"
"Bulgaria","Sunny Beach","REGION:1058"
"USA","West Palm Beach","REGION:1365"
"USA","San Diego Int Airport","BRANCH:42436"
"Bulgaria","Golden Sands","REGION:1061"
"USA","San Antonio","REGION:3406"
"USA","San Diego, CA","REGION:2454"
"USA","San Francisco","REGION:2516"
"Costa Rica","San Jose","REGION:1286"
"USA","San Diego Gaslamp/Deliveries","BRANCH:45877"
"USA","San Francisco Int Airport","BRANCH:44919"
"USA","San Francisco Fishermans Wharf","BRANCH:42354"
"USA","San Francisco Mission District","BRANCH:45035"
"Latvia","Marupe District","REGION:1055"
"Costa Rica","San Jose (Costa Rica) Airport ","BRANCH:6855"
"USA","San Jose (USA) Int Airport","BRANCH:40668"
"USA","Santa Monica/Shore Hotel","BRANCH:40682"
"Portugal","Santa Cruz","REGION:1276"
"Portugal","Santa Cruz das Flores","REGION:1449"
"USA","Santa Monica, CA","REGION:2453"
"Spain","Santander","REGION:3434"
"Mauritius","Anse La Raie","REGION:1266"
"Spain","Chiclana de la Frontera","REGION:805"
"Ireland","Dun Laoghaire","REGION:1400"
"USA","Fort Lauderdale","REGION:310"
"Spain","Jerez de la Frontera","REGION:804"
"USA","Hollywood CA","REGION:2551"
"USA","Key West","REGION:2284"
"Germany","Mecklenburg-Western Pomerania","REGION:1643"
"Germany","North Rhine-Westphalia","REGION:1612"
"USA","West Haven","REGION:2060"
"USA","Charlotte Douglas Int Airport","BRANCH:46581"
"USA","Charlotte","REGION:1777"
"USA","Chicago ORD Int Airport","BRANCH:44351"
"USA","Chicago","REGION:3472"
"USA","Chicago South Loop","BRANCH:45918"
"Australia","New South Wales","REGION:3723"
"Australia","South Australia","REGION:3725"
"United Kingdom","Southampton","REGION:649"
"Italy","Southern Italy","REGION:3290"
"USA","Chicago/Hyatt Regency ","BRANCH:45911"
"USA","Cincinnati Int Airport","BRANCH:46175"
"USA","Cincinnati","REGION:3604"
"USA","Denver Int Airport","BRANCH:45954"
"USA","Denver ","REGION:2888"
"USA","Denver Cherry Creek ","BRANCH:47429"
"USA","Denver Union Station","BRANCH:45346"
"USA","Lakewood/Deliveries","BRANCH:45898"
"USA","Lakewood, CO","REGION:3575"
"USA","Eagle Vail Airport","BRANCH:46646"
"USA","Vail/Eagle","REGION:3718"
"USA","West Haven","BRANCH:40160"
"USA","New Haven","REGION:2176"
"USA","Dallas Addison/Marriott Quorum","BRANCH:41208"
"USA","Dallas","REGION:2538"
"USA","Dallas/Fort Worth Int Airport","BRANCH:40796"
"USA","Philadelphia Int Airport","BRANCH:44204"
"USA","Philadelphia (Local Customers)","BRANCH:45869"
"USA","Philadelphia","REGION:2789"
"USA","Fort Lauderdale Int Airport","BRANCH:1122"
"USA","Fort Myers","REGION:3397"
"USA","Fort Worth TX","REGION:2540"
"Martinique","Fort-de-France","REGION:2813"
"St. Lucia","Vieux Fort","REGION:2473"
"USA","Fort Lauderdale Beach/Westin","BRANCH:45973"
"USA","Pompano Beach South","BRANCH:40940"
"USA","Fort Lauderdale Downtown","BRANCH:40139"
"USA","Ft. Myers Int Airport","BRANCH:43998"
"USA","Jacksonville Int Airport","BRANCH:46940"
"USA","Jacksonville","REGION:1626"
"USA","Kissimmee/Orlando near Disney","BRANCH:621"
"USA","Kissimmee","REGION:3069"
"USA","Orlando","REGION:1352"
"USA","Lake Buena Vista/Hyatt Regency","BRANCH:47412"
"Germany","Lake Constance","REGION:2062"
"USA","Salt Lake City","REGION:3742"
"USA","Miami Int Airport","BRANCH:4"
"USA","Miami, FL","REGION:309"
"USA","Miami Beach (5th Street)","BRANCH:1378"
"USA","Miami Beach Collins Ave.","BRANCH:40101"
"Portugal","Aveiro","REGION:3741"
"USA","Miami Beach Lincoln Road","BRANCH:40138"
"USA","Miami Coral Gables/Miracle Mkt","BRANCH:42426"
"USA","Miami Doral/InterContinental","BRANCH:45919"
"USA","Miami/InterContinental Hotel","BRANCH:3271"
"USA","Aventura/North Miami","BRANCH:42433"
"USA","North Carolina","REGION:1776"
"Egypt","North Coast","REGION:3531"
"United Kingdom","Northern Ireland","REGION:1548"
"USA","Orlando Int Airport","BRANCH:7"
"USA","Palm Beach Int Airport","BRANCH:2600"
"Spain","La Palma Canarias","REGION:2506"
"Spain","Las Palmas (Gran Canaria)","REGION:835"
"Spain","Palma de Mallorca","REGION:880"
"USA","Tampa Int Airport","BRANCH:41217"
"USA","Tampa","REGION:1534"
"USA","Tampa Downtown ","BRANCH:45875"
"USA","W Palm Beach (Local Customers)","BRANCH:42697"
"USA","Fort Worth Downtown","BRANCH:47263"
"USA","Las Vegas Int Airport","BRANCH:42299"
"USA","Las Vegas","REGION:2054"
"USA","Las Vegas Hughes Center","BRANCH:44637"
"USA","Oahu Honolulu Int Airport ","BRANCH:44050"
"USA","Honolulu","REGION:3542"
"USA","Kauai Lihue Airport","BRANCH:44052"
"USA","Lihue","REGION:3709"
"USA","Maui Kahului Airport","BRANCH:44049"
"USA","Maui","REGION:3473"
"USA","Maui/Four Seasons","BRANCH:46939"
"USA","Waikiki/Alohilani","BRANCH:44586"
"USA","Wailea/Kihei Deliveries","BRANCH:47403"
"USA","Kihei","REGION:3735"
"USA","Hickam (on Military Base)","BRANCH:47078"
"Switzerland","Basel","REGION:944"
"USA","Houston IAH Int Airport","BRANCH:44584"
"USA","Houston TX","REGION:3576"
"USA","Houston Downtown","BRANCH:46650"
"USA","Indianapolis Int Airport","BRANCH:41335"
"USA","Indianapolis Metropolitan FBO","BRANCH:46536"
"USA","Indianapolis","BRANCH:41336"
"USA","Indianapolis","REGION:2786"
"USA","Jersey City/Newport Centre","BRANCH:47261"
"USA","New Jersey","REGION:2134"
"USA","New York City","REGION:3431"
"USA","Las Vegas Strip/Deliveries","BRANCH:43963"
"USA","New York City Battery Park","BRANCH:42461"
"Guadeloupe","Baie-Mahault","REGION:1511"
"Mauritius","Belle Mare","REGION:1265"
"Thailand","Chiang Mai","REGION:1382"
"France","Le Mans","REGION:2382"
"USA","Minneapolis Int Airport","BRANCH:44602"
"USA","Minneapolis, MN","REGION:2515"
"USA","Raleigh Durham Int Airport","BRANCH:46645"
"USA","Newark Int Airport","BRANCH:45429"
"USA","Newark NJ","REGION:2884"
"USA","New York JFK Int Airport","BRANCH:45430"
"USA","New York LGA Airport","BRANCH:45431"
"USA","Queens (Local Customers)","BRANCH:46773"
"Australia","Queensland","REGION:3724"
"New Zealand","Queenstown","REGION:3586"
"USA","Portland Int Airport","BRANCH:44000"
"USA","Portland, OR","REGION:3614"
"USA","Portland Downtown","BRANCH:47399"
"USA","Pittsburgh Int Airport ","BRANCH:46791"
"USA","Pittsburgh","REGION:3717"
"USA","San Antonio Int Airport","BRANCH:41067"
"USA","Renton/Deliveries","BRANCH:46005"
"USA","Renton","REGION:3578"
"USA","Seattle Int Airport","BRANCH:9225"
"USA","Seattle","REGION:1524"
"USA","Seattle/Hyatt Regency","BRANCH:45242"
"USA","Tacoma/Deliveries","BRANCH:46004"
"USA","Tacoma","REGION:3580"
"USA","Washington Dulles Int Airport","BRANCH:44583"
"USA","Washington DC Union Station","BRANCH:46649"
"USA","Washington","REGION:1520"
"USA","Washington DC","REGION:3524"
