Albuquerque,Albuquerque Airport,https://www.sixt.com/car-rental/usa/albuquerque/albuquerque-airport/
Arizona,Phoenix Airport,https://www.sixt.com/car-rental/usa/phoenix/phoenix-sky-harbor-intairport/
Aspen CO,Aspen Airport,https://www.sixt.com/car-rental/usa/aspen/aspen-pitkin-county-airport/
Baltimore MD,BWI,https://www.sixt.com/car-rental/usa/baltimore/baltimore-airport/
"Beverly Hills, CA",Beverly Hills,https://www.sixt.com/car-rental/usa/beverly-hills-ca/beverly-hills/
"Beverly Hills, CA",LAX,https://www.sixt.com/car-rental/usa/los-angeles/los-angeles-airport/
Boca Raton,Boca Raton near Mizner Park,https://www.sixt.com/car-rental/usa/boca-raton/boca-raton/
Boston MA,Boston Airport,https://www.sixt.com/car-rental/usa/boston/boston-int-airport/
Boston MA,Boston/Westin Seaport ,https://www.sixt.com/car-rental/usa/boston/boston-westin-seaport/
California,Beverly Hills,https://www.sixt.com/car-rental/usa/beverly-hills-ca/beverly-hills/
California,Downtown Los Angeles,https://www.sixt.com/car-rental/usa/los-angeles/los-angeles-downtown/
California,Inglewood (Local customers),https://www.sixt.com/car-rental/usa/los-angeles/inglewood/
California,LAX,https://www.sixt.com/car-rental/usa/los-angeles/los-angeles-airport/
California,Los Angeles Studio City,https://www.sixt.com/car-rental/usa/los-angeles/los-angeles-studio-city/
California,Mountain View/Deliveries,https://www.sixt.com/car-rental/usa/mountain-view-ca/mountain-view-deliveries/
California,Pasadena Downtown ,https://www.sixt.com/car-rental/usa/los-angeles/pasadena-downtown/
California,Redondo Beach/Deliveries,https://www.sixt.com/car-rental/usa/los-angeles/redondo-beach-deliveries/
California,San Diego Airport,https://www.sixt.com/car-rental/usa/san-diego-ca/san-diego-airport/
California,San Diego Gaslamp/Deliveries,https://www.sixt.com/car-rental/usa/san-diego-ca/san-diego-gaslamp-deliveries/
California,San Francisco Airport,https://www.sixt.com/car-rental/usa/san-francisco/san-francisco-airport/
California,San Francisco Fisherman's Wharf,https://www.sixt.com/car-rental/usa/san-francisco/san-francisco-fishermans-wharf/
California,San Francisco Mission District,https://www.sixt.com/car-rental/usa/san-francisco/san-francisco-mission-district/
California,San Jose Airport,https://www.sixt.com/car-rental/usa/san-jose-ca/san-jose-international-airport/
California,Santa Monica/Shore Hotel,https://www.sixt.com/car-rental/usa/santa-monica-ca/santa-monica-ocean-avenue/
California,"Venice Beach, LA",https://www.sixt.com/car-rental/usa/los-angeles/la-venice-beach/
California,West Hollywood,https://www.sixt.com/car-rental/usa/hollywood-ca/west-hollywood/
Charlotte,Charlotte Douglas Airport,https://www.sixt.com/car-rental/usa/charlotte/charlotte-airport/
Chicago,Chicago Airport,https://www.sixt.com/car-rental/usa/chicago/chicago-airport/
Chicago,Chicago South Loop,https://www.sixt.com/car-rental/usa/chicago/chicago-south-loop/
Chicago,Chicago/Hyatt Regency ,https://www.sixt.com/car-rental/usa/chicago/chicago-hyatt-regency/
Cincinnati,Cincinnati Airport,https://www.sixt.com/car-rental/usa/cincinnati/cincinnati-international-airport/
Colorado,Aspen Airport,https://www.sixt.com/car-rental/usa/aspen/aspen-pitkin-county-airport/
Colorado,Denver Airport,https://www.sixt.com/car-rental/usa/denver/denver-airport/
Colorado,Denver Cherry Creek ,https://www.sixt.com/car-rental/usa/denver/denver-cherry-creek/
Colorado,Denver Union Station,https://www.sixt.com/car-rental/usa/denver/denver-union-station/
Colorado,Lakewood/Deliveries,https://www.sixt.com/car-rental/usa/lakewood-co/lakewood-deliveries/
Colorado,Vail Airport,https://www.sixt.com/car-rental/usa/vail/vail-airport/
Connecticut,West Haven,https://www.sixt.com/car-rental/usa/west-haven/west-haven/
Dallas,Dallas Addison,https://www.sixt.com/car-rental/usa/dallas/dallas-addison-marriott-quorum/
Dallas,Dallas Airport,https://www.sixt.com/car-rental/usa/dallas/dallas-fort-worth-airport/
Denver,Denver Airport,https://www.sixt.com/car-rental/usa/denver/denver-airport/
Denver,Denver Cherry Creek ,https://www.sixt.com/car-rental/usa/denver/denver-cherry-creek/
Denver,Denver Union Station,https://www.sixt.com/car-rental/usa/denver/denver-union-station/
Denver,Lakewood/Deliveries,https://www.sixt.com/car-rental/usa/lakewood-co/lakewood-deliveries/
East Coast,Philadelphia,https://www.sixt.com/car-rental/usa/philadelphia/philadelphia-local-customers/
East Coast,Philadelphia Airport,https://www.sixt.com/car-rental/usa/philadelphia/philadelphia-intl-airport/
East Coast,West Haven,https://www.sixt.com/car-rental/usa/west-haven/west-haven/
Florida,Boca Raton near Mizner Park,https://www.sixt.com/car-rental/usa/boca-raton/boca-raton/
Florida,Fort Lauderdale Airport,https://www.sixt.com/car-rental/usa/fort-lauderdale/fort-lauderdale-airport/
Florida,Fort Lauderdale Beach,https://www.sixt.com/car-rental/usa/fort-lauderdale/fort-lauderdale-beach/
Florida,Fort Lauderdale Downtown,https://www.sixt.com/car-rental/usa/fort-lauderdale/fort-lauderdale-sunrise-blvd/
Florida,Fort Myers Airport,https://www.sixt.com/car-rental/usa/fort-myers/fort-myers-airport/
Florida,Jacksonville Airport,https://www.sixt.com/car-rental/usa/jacksonville/jacksonville-airport/
Florida,Kissimmee/Orlando near Disney,https://www.sixt.com/car-rental/usa/kissimmee/kissimmee-orlando-near-disney/
Florida,Lake Buena Vista/Hyatt Regency,https://www.sixt.com/car-rental/usa/orlando/lake-buena-vista-hyatt-regency/
Florida,Miami Airport,https://www.sixt.com/car-rental/usa/miami-fl/miami-international-airport/
Florida,Miami Beach (5th Street),https://www.sixt.com/car-rental/usa/miami-fl/miami-beach/
Florida,Miami Beach Collins Ave.,https://www.sixt.com/car-rental/usa/miami-fl/miami-beach-collins-ave/
Florida,Miami Beach Lincoln Road,https://www.sixt.com/car-rental/usa/miami-fl/miami-beach-lincoln-road/
Florida,Miami Coral Gables/Miracle Mkt,https://www.sixt.com/car-rental/usa/miami-fl/miami-coral-gables-miracle-mkt/
Florida,Miami Doral,https://www.sixt.com/car-rental/usa/miami-fl/miami-doral/
Florida,Miami/InterContinental Hotel,https://www.sixt.com/car-rental/usa/miami-fl/miami-downtown/
Florida,North Miami/Aventura,https://www.sixt.com/car-rental/usa/miami-fl/aventura-miami-truck-van/
Florida,Orlando Airport,https://www.sixt.com/car-rental/usa/orlando/orlando-int-airport/
Florida,Orlando International Drive,https://www.sixt.com/car-rental/usa/orlando/orlando-international-drive/
Florida,Palm Beach Airport,https://www.sixt.com/car-rental/usa/palm-beach/palm-beach-int-airport/
Florida,Pompano Beach South,https://www.sixt.com/car-rental/usa/pompano-beach/pompano-beach/
Florida,Tampa Airport,https://www.sixt.com/car-rental/usa/tampa/tampa-airport/
Florida,Tampa Downtown,https://www.sixt.com/car-rental/usa/tampa/tampa-downtown/
Florida,West Palm Beach,https://www.sixt.com/car-rental/usa/west-palm-beach/west-palm-beach/
Fort Lauderdale,Fort Lauderdale Airport,https://www.sixt.com/car-rental/usa/fort-lauderdale/fort-lauderdale-airport/
Fort Lauderdale,Fort Lauderdale Beach,https://www.sixt.com/car-rental/usa/fort-lauderdale/fort-lauderdale-beach/
Fort Lauderdale,Fort Lauderdale Downtown,https://www.sixt.com/car-rental/usa/fort-lauderdale/fort-lauderdale-sunrise-blvd/
Fort Lauderdale,Pompano Beach South,https://www.sixt.com/car-rental/usa/pompano-beach/pompano-beach/
Fort Myers,Fort Myers Airport,https://www.sixt.com/car-rental/usa/fort-myers/fort-myers-airport/
Fort Worth TX,Dallas Airport,https://www.sixt.com/car-rental/usa/dallas/dallas-fort-worth-airport/
Fort Worth TX,Fort Worth Downtown,https://www.sixt.com/car-rental/usa/fort-worth-tx/fort-worth-downtown/
Grand Canyon,Las Vegas Airport,https://www.sixt.com/car-rental/usa/las-vegas/las-vegas-mccarran-airport/
Grand Canyon,Las Vegas Hughes Center,https://www.sixt.com/car-rental/usa/las-vegas/las-vegas-downtown/
Grand Canyon,Phoenix Airport,https://www.sixt.com/car-rental/usa/phoenix/phoenix-sky-harbor-intairport/
Hawaii,Honolulu Airport,https://www.sixt.com/car-rental/usa/honolulu/honolulu-airport/
Hawaii,Lihue Airport,https://www.sixt.com/car-rental/usa/lihue/lihue-airport/
Hawaii,Maui Airport,https://www.sixt.com/car-rental/usa/kahului/maui-kahului-airport/
Hawaii,Maui/Four Seasons,https://www.sixt.com/car-rental/usa/kihei/maui-four-seasons/
Hawaii,Waikiki,https://www.sixt.com/car-rental/usa/honolulu/waikiki/
Hawaii,Wailea/Kihei Deliveries,https://www.sixt.com/car-rental/usa/kihei/wailea-kihei-deliveries/
Hollywood CA,West Hollywood,https://www.sixt.com/car-rental/usa/hollywood-ca/west-hollywood/
Honolulu,Hickam (on Military Base),https://www.sixt.com/car-rental/usa/honolulu/hickam-on-military-base/
Honolulu,Honolulu Airport,https://www.sixt.com/car-rental/usa/honolulu/honolulu-airport/
Honolulu,Waikiki,https://www.sixt.com/car-rental/usa/honolulu/waikiki/
Houston TX,Houston Airport,https://www.sixt.com/car-rental/usa/houston/houston-george-bush-airport/
Houston TX,Houston Downtown,https://www.sixt.com/car-rental/usa/houston/houston-downtown/
Illinois,Chicago Airport,https://www.sixt.com/car-rental/usa/chicago/chicago-airport/
Illinois,Chicago South Loop,https://www.sixt.com/car-rental/usa/chicago/chicago-south-loop/
Illinois,Chicago/Hyatt Regency ,https://www.sixt.com/car-rental/usa/chicago/chicago-hyatt-regency/
Indiana,Indianapolis,https://www.sixt.com/car-rental/usa/indianapolis/indianapolis/
Indiana,Indianapolis Airport,https://www.sixt.com/car-rental/usa/indianapolis/indianapolis-int-airport/
Indiana,Indianapolis Metropolitan FBO,https://www.sixt.com/car-rental/usa/indianapolis/indianapolis-metropolitan-fbo/
Indianapolis,Indianapolis,https://www.sixt.com/car-rental/usa/indianapolis/indianapolis/
Indianapolis,Indianapolis Airport,https://www.sixt.com/car-rental/usa/indianapolis/indianapolis-int-airport/
Indianapolis,Indianapolis Metropolitan FBO,https://www.sixt.com/car-rental/usa/indianapolis/indianapolis-metropolitan-fbo/
Jacksonville,Jacksonville Airport,https://www.sixt.com/car-rental/usa/jacksonville/jacksonville-airport/
Jersey City NJ,Jersey City Newport,https://www.sixt.com/car-rental/usa/jersey-city/jersey-city-newport/
Kahului,Maui Airport,https://www.sixt.com/car-rental/usa/kahului/maui-kahului-airport/
Kauai,Lihue Airport,https://www.sixt.com/car-rental/usa/lihue/lihue-airport/
Key West,Miami Airport,https://www.sixt.com/car-rental/usa/miami-fl/miami-international-airport/
Kissimmee,Kissimmee/Orlando near Disney,https://www.sixt.com/car-rental/usa/kissimmee/kissimmee-orlando-near-disney/
Las Vegas,Las Vegas Airport,https://www.sixt.com/car-rental/usa/las-vegas/las-vegas-mccarran-airport/
Las Vegas,Las Vegas Hughes Center,https://www.sixt.com/car-rental/usa/las-vegas/las-vegas-downtown/
Las Vegas,Las Vegas Strip/Deliveries,https://www.sixt.com/car-rental/usa/las-vegas/las-vegas-strip-deliveries/
Lihue,Lihue Airport,https://www.sixt.com/car-rental/usa/lihue/lihue-airport/
Los Angeles,Beverly Hills,https://www.sixt.com/car-rental/usa/beverly-hills-ca/beverly-hills/
Los Angeles,Downtown Los Angeles,https://www.sixt.com/car-rental/usa/los-angeles/los-angeles-downtown/
Los Angeles,Inglewood (Local customers),https://www.sixt.com/car-rental/usa/los-angeles/inglewood/
Los Angeles,LAX,https://www.sixt.com/car-rental/usa/los-angeles/los-angeles-airport/
Los Angeles,Los Angeles Studio City,https://www.sixt.com/car-rental/usa/los-angeles/los-angeles-studio-city/
Los Angeles,Pasadena Downtown ,https://www.sixt.com/car-rental/usa/los-angeles/pasadena-downtown/
Los Angeles,Redondo Beach/Deliveries,https://www.sixt.com/car-rental/usa/los-angeles/redondo-beach-deliveries/
Los Angeles,Santa Monica/Shore Hotel,https://www.sixt.com/car-rental/usa/santa-monica-ca/santa-monica-ocean-avenue/
Los Angeles,"Venice Beach, LA",https://www.sixt.com/car-rental/usa/los-angeles/la-venice-beach/
Los Angeles,West Hollywood,https://www.sixt.com/car-rental/usa/hollywood-ca/west-hollywood/
Manhattan NY,New York City Battery Park,https://www.sixt.com/car-rental/usa/new-york-city/new-york-downtown/
Maryland,BWI,https://www.sixt.com/car-rental/usa/baltimore/baltimore-airport/
Massachusetts,Boston Airport,https://www.sixt.com/car-rental/usa/boston/boston-int-airport/
Massachusetts,Boston/Westin Seaport ,https://www.sixt.com/car-rental/usa/boston/boston-westin-seaport/
Massachusetts,"Springfield, MA",https://www.sixt.com/car-rental/usa/springfield/springfield/
Maui,Maui Airport,https://www.sixt.com/car-rental/usa/kahului/maui-kahului-airport/
Maui,Maui/Four Seasons,https://www.sixt.com/car-rental/usa/kihei/maui-four-seasons/
Maui,Wailea/Kihei Deliveries,https://www.sixt.com/car-rental/usa/kihei/wailea-kihei-deliveries/
"Miami, FL",Miami Airport,https://www.sixt.com/car-rental/usa/miami-fl/miami-international-airport/
"Miami, FL",Miami Beach (5th Street),https://www.sixt.com/car-rental/usa/miami-fl/miami-beach/
"Miami, FL",Miami Beach Collins Ave.,https://www.sixt.com/car-rental/usa/miami-fl/miami-beach-collins-ave/
"Miami, FL",Miami Beach Lincoln Road,https://www.sixt.com/car-rental/usa/miami-fl/miami-beach-lincoln-road/
"Miami, FL",Miami Coral Gables/Miracle Mkt,https://www.sixt.com/car-rental/usa/miami-fl/miami-coral-gables-miracle-mkt/
"Miami, FL",Miami Doral,https://www.sixt.com/car-rental/usa/miami-fl/miami-doral/
"Miami, FL",Miami/InterContinental Hotel,https://www.sixt.com/car-rental/usa/miami-fl/miami-downtown/
"Miami, FL",North Miami/Aventura,https://www.sixt.com/car-rental/usa/miami-fl/aventura-miami-truck-van/
"Minneapolis, MN",Minneapolis Airport,https://www.sixt.com/car-rental/usa/minneapolis-mn/minneapolis-st-paul-airport/
Minnesota,Minneapolis Airport,https://www.sixt.com/car-rental/usa/minneapolis-mn/minneapolis-st-paul-airport/
Monterey,San Jose Airport,https://www.sixt.com/car-rental/usa/san-jose-ca/san-jose-international-airport/
Morrisville,Raleigh Durham Int Airport,https://www.sixt.com/car-rental/usa/morrisville/raleigh-int-airport/
Nevada,Las Vegas Airport,https://www.sixt.com/car-rental/usa/las-vegas/las-vegas-mccarran-airport/
Nevada,Las Vegas Hughes Center,https://www.sixt.com/car-rental/usa/las-vegas/las-vegas-downtown/
Nevada,Las Vegas Strip/Deliveries,https://www.sixt.com/car-rental/usa/las-vegas/las-vegas-strip-deliveries/
New Haven,West Haven,https://www.sixt.com/car-rental/usa/west-haven/west-haven/
New Jersey,Jersey City Newport,https://www.sixt.com/car-rental/usa/jersey-city/jersey-city-newport/
New Jersey,Newark Airport,https://www.sixt.com/car-rental/usa/newark/newark-int-airport-ewr/
New Mexico,Albuquerque Airport,https://www.sixt.com/car-rental/usa/albuquerque/albuquerque-airport/
New York,JFK,https://www.sixt.com/car-rental/usa/new-york-city/new-york-jfk-int-airport/
New York,LGA,https://www.sixt.com/car-rental/usa/new-york-city/la-guardia-airport/
New York,New York City Battery Park,https://www.sixt.com/car-rental/usa/new-york-city/new-york-downtown/
New York,Queens (Local Customers),https://www.sixt.com/car-rental/usa/new-york-city/queens/
New York City,JFK,https://www.sixt.com/car-rental/usa/new-york-city/new-york-jfk-int-airport/
New York City,LGA,https://www.sixt.com/car-rental/usa/new-york-city/la-guardia-airport/
New York City,New York City Battery Park,https://www.sixt.com/car-rental/usa/new-york-city/new-york-downtown/
New York City,Queens (Local Customers),https://www.sixt.com/car-rental/usa/new-york-city/queens/
Newark NJ,Newark Airport,https://www.sixt.com/car-rental/usa/newark/newark-int-airport-ewr/
North Carolina,Charlotte Douglas Airport,https://www.sixt.com/car-rental/usa/charlotte/charlotte-airport/
North Carolina,Raleigh Durham Int Airport,https://www.sixt.com/car-rental/usa/morrisville/raleigh-int-airport/
Oahu,Hickam (on Military Base),https://www.sixt.com/car-rental/usa/honolulu/hickam-on-military-base/
Oahu,Honolulu Airport,https://www.sixt.com/car-rental/usa/honolulu/honolulu-airport/
Oahu,Waikiki,https://www.sixt.com/car-rental/usa/honolulu/waikiki/
Ohio,Cincinnati Airport,https://www.sixt.com/car-rental/usa/cincinnati/cincinnati-international-airport/
Oregon,Portland Airport,https://www.sixt.com/car-rental/usa/portland/portland-airport/
Oregon,Portland Downtown,https://www.sixt.com/car-rental/usa/portland/portland-downtown/
Orlando,Kissimmee/Orlando near Disney,https://www.sixt.com/car-rental/usa/kissimmee/kissimmee-orlando-near-disney/
Orlando,Lake Buena Vista/Hyatt Regency,https://www.sixt.com/car-rental/usa/orlando/lake-buena-vista-hyatt-regency/
Orlando,Orlando Airport,https://www.sixt.com/car-rental/usa/orlando/orlando-int-airport/
Orlando,Orlando International Drive,https://www.sixt.com/car-rental/usa/orlando/orlando-international-drive/
Palm Beach,Boca Raton near Mizner Park,https://www.sixt.com/car-rental/usa/boca-raton/boca-raton/
Palm Beach,Palm Beach Airport,https://www.sixt.com/car-rental/usa/palm-beach/palm-beach-int-airport/
Palm Beach,West Palm Beach,https://www.sixt.com/car-rental/usa/west-palm-beach/west-palm-beach/
Pennsylvania,Philadelphia,https://www.sixt.com/car-rental/usa/philadelphia/philadelphia-local-customers/
Pennsylvania,Philadelphia Airport,https://www.sixt.com/car-rental/usa/philadelphia/philadelphia-intl-airport/
Pennsylvania,Pittsburgh Airport,https://www.sixt.com/car-rental/usa/pittsburgh/pittsburgh-airport/
Philadelphia,Philadelphia,https://www.sixt.com/car-rental/usa/philadelphia/philadelphia-local-customers/
Philadelphia,Philadelphia Airport,https://www.sixt.com/car-rental/usa/philadelphia/philadelphia-intl-airport/
Phoenix,Phoenix Airport,https://www.sixt.com/car-rental/usa/phoenix/phoenix-sky-harbor-intairport/
Pittsburgh,Pittsburgh Airport,https://www.sixt.com/car-rental/usa/pittsburgh/pittsburgh-airport/
Pompano Beach,Pompano Beach South,https://www.sixt.com/car-rental/usa/pompano-beach/pompano-beach/
"Portland, OR",Portland Airport,https://www.sixt.com/car-rental/usa/portland/portland-airport/
"Portland, OR",Portland Downtown,https://www.sixt.com/car-rental/usa/portland/portland-downtown/
San Antonio,San Antonio Airport,https://www.sixt.com/car-rental/usa/san-antonio/san-antonio-int-ap/
"San Diego, CA",San Diego Airport,https://www.sixt.com/car-rental/usa/san-diego-ca/san-diego-airport/
"San Diego, CA",San Diego Gaslamp/Deliveries,https://www.sixt.com/car-rental/usa/san-diego-ca/san-diego-gaslamp-deliveries/
San Francisco,San Francisco Airport,https://www.sixt.com/car-rental/usa/san-francisco/san-francisco-airport/
San Francisco,San Francisco Fisherman's Wharf,https://www.sixt.com/car-rental/usa/san-francisco/san-francisco-fishermans-wharf/
San Francisco,San Francisco Mission District,https://www.sixt.com/car-rental/usa/san-francisco/san-francisco-mission-district/
San Francisco,San Francisco Union Square,https://www.sixt.com/car-rental/usa/san-francisco/union-square/
San Jose CA,San Jose Airport,https://www.sixt.com/car-rental/usa/san-jose-ca/san-jose-international-airport/
Seattle,Renton/Deliveries,https://www.sixt.com/car-rental/usa/renton/renton-deliveries/
Seattle,Seattle Airport (SEATAC),https://www.sixt.com/car-rental/usa/seattle/seattle-tacoma-int-airport/
Seattle,Seattle Downtown,https://www.sixt.com/car-rental/usa/seattle/seattle-downtown/
Seattle,Seattle Hyatt Regency,https://www.sixt.com/car-rental/usa/seattle/seattle-hyatt-regency/
Seattle,Tacoma/Deliveries,https://www.sixt.com/car-rental/usa/tacoma/tacoma-deliveries/
Springfield,"Springfield, MA",https://www.sixt.com/car-rental/usa/springfield/springfield/
St Paul MN,Minneapolis Airport,https://www.sixt.com/car-rental/usa/minneapolis-mn/minneapolis-st-paul-airport/
Tampa,Tampa Airport,https://www.sixt.com/car-rental/usa/tampa/tampa-airport/
Tampa,Tampa Downtown,https://www.sixt.com/car-rental/usa/tampa/tampa-downtown/
Texas,Dallas Addison,https://www.sixt.com/car-rental/usa/dallas/dallas-addison-marriott-quorum/
Texas,Dallas Airport,https://www.sixt.com/car-rental/usa/dallas/dallas-fort-worth-airport/
Texas,Fort Worth Downtown,https://www.sixt.com/car-rental/usa/fort-worth-tx/fort-worth-downtown/
Texas,Houston Airport,https://www.sixt.com/car-rental/usa/houston/houston-george-bush-airport/
Texas,Houston Downtown,https://www.sixt.com/car-rental/usa/houston/houston-downtown/
Texas,San Antonio Airport,https://www.sixt.com/car-rental/usa/san-antonio/san-antonio-int-ap/
Vail/Eagle,Vail Airport,https://www.sixt.com/car-rental/usa/vail/vail-airport/
Virginia,Dulles Airport,https://www.sixt.com/car-rental/usa/washington-dc/dulles-airport/
Virginia,Washington DC Union Station,https://www.sixt.com/car-rental/usa/washington-dc/washington-dc-union/
Virginia,Washington National Airport (DCA),https://www.sixt.com/car-rental/usa/washington-dc/washington-national-airport/
Washington,Renton/Deliveries,https://www.sixt.com/car-rental/usa/renton/renton-deliveries/
Washington,Seattle Airport (SEATAC),https://www.sixt.com/car-rental/usa/seattle/seattle-tacoma-int-airport/
Washington,Seattle Downtown,https://www.sixt.com/car-rental/usa/seattle/seattle-downtown/
Washington,Seattle Hyatt Regency,https://www.sixt.com/car-rental/usa/seattle/seattle-hyatt-regency/
Washington,Tacoma/Deliveries,https://www.sixt.com/car-rental/usa/tacoma/tacoma-deliveries/
Washington DC,Dulles Airport,https://www.sixt.com/car-rental/usa/washington-dc/dulles-airport/
Washington DC,Washington DC Union Station,https://www.sixt.com/car-rental/usa/washington-dc/washington-dc-union/
Washington DC,Washington National Airport (DCA),https://www.sixt.com/car-rental/usa/washington-dc/washington-national-airport/
West Haven,West Haven,https://www.sixt.com/car-rental/usa/west-haven/west-haven/
West Palm Beach,Boca Raton near Mizner Park,https://www.sixt.com/car-rental/usa/boca-raton/boca-raton/
West Palm Beach,Palm Beach Airport,https://www.sixt.com/car-rental/usa/palm-beach/palm-beach-int-airport/
West Palm Beach,West Palm Beach,https://www.sixt.com/car-rental/usa/west-palm-beach/west-palm-beach/
