Albuquerque,https://www.sixt.com/car-rental/usa/albuquerque/
Arizona,https://www.sixt.com/car-rental/usa/arizona/
Aspen CO,https://www.sixt.com/car-rental/usa/aspen/
Atlanta,https://www.sixt.com/car-rental/usa/atlanta/
Baltimore MD,https://www.sixt.com/car-rental/usa/baltimore/
"Beverly Hills, CA",https://www.sixt.com/car-rental/usa/beverly-hills-ca/
Boca Raton,https://www.sixt.com/car-rental/usa/boca-raton/
Boston MA,https://www.sixt.com/car-rental/usa/boston/
California,https://www.sixt.com/car-rental/usa/california/
Charlotte,https://www.sixt.com/car-rental/usa/charlotte/
Chicago,https://www.sixt.com/car-rental/usa/chicago/
Cincinnati,https://www.sixt.com/car-rental/usa/cincinnati/
Colorado,https://www.sixt.com/car-rental/usa/colorado/
Connecticut,https://www.sixt.com/car-rental/usa/connecticut/
Dallas,https://www.sixt.com/car-rental/usa/dallas/
Denver,https://www.sixt.com/car-rental/usa/denver/
East Coast,https://www.sixt.com/car-rental/usa/east-coast/
Florida,https://www.sixt.com/car-rental/usa/florida/
Fort Lauderdale,https://www.sixt.com/car-rental/usa/fort-lauderdale/
Fort Myers,https://www.sixt.com/car-rental/usa/fort-myers/
Fort Worth TX,https://www.sixt.com/car-rental/usa/fort-worth-tx/
Georgia,https://www.sixt.com/car-rental/usa/georgia/
Grand Canyon,https://www.sixt.com/car-rental/usa/grand-canyon/
Hawaii,https://www.sixt.com/car-rental/usa/hawaii/
Hollywood CA,https://www.sixt.com/car-rental/usa/hollywood-ca/
Honolulu,https://www.sixt.com/car-rental/usa/honolulu/
Houston TX,https://www.sixt.com/car-rental/usa/houston/
Illinois,https://www.sixt.com/car-rental/usa/illinois/
Indiana,https://www.sixt.com/car-rental/usa/indiana/
Indianapolis,https://www.sixt.com/car-rental/usa/indianapolis/
Jacksonville,https://www.sixt.com/car-rental/usa/jacksonville/
Jersey City NJ,https://www.sixt.com/car-rental/usa/jersey-city/
Kahului,https://www.sixt.com/car-rental/usa/kahului/
Kauai,https://www.sixt.com/car-rental/usa/kauai/
Key West,https://www.sixt.com/car-rental/usa/key-west/
Kihei,https://www.sixt.com/car-rental/usa/kihei/
Kissimmee,https://www.sixt.com/car-rental/usa/kissimmee/
"Lakewood, CO",https://www.sixt.com/car-rental/usa/lakewood-co/
Las Vegas,https://www.sixt.com/car-rental/usa/las-vegas/
Lihue,https://www.sixt.com/car-rental/usa/lihue/
Los Angeles,https://www.sixt.com/car-rental/usa/los-angeles/
Manhattan NY,https://www.sixt.com/car-rental/usa/manhattan-ny/
Maryland,https://www.sixt.com/car-rental/usa/maryland/
Massachusetts,https://www.sixt.com/car-rental/usa/massachusetts/
Maui,https://www.sixt.com/car-rental/usa/maui/
"Miami, FL",https://www.sixt.com/car-rental/usa/miami-fl/
"Minneapolis, MN",https://www.sixt.com/car-rental/usa/minneapolis-mn/
Minnesota,https://www.sixt.com/car-rental/usa/minnesota/
Monterey,https://www.sixt.com/car-rental/usa/monterey/
Morrisville,https://www.sixt.com/car-rental/usa/morrisville/
Mountain View CA,https://www.sixt.com/car-rental/usa/mountain-view-ca/
Nashville,https://www.sixt.com/car-rental/usa/nashville/
Nevada,https://www.sixt.com/car-rental/usa/nevada/
New Haven,https://www.sixt.com/car-rental/usa/new-haven/
New Jersey,https://www.sixt.com/car-rental/usa/new-jersey/
New Mexico,https://www.sixt.com/car-rental/usa/new-mexico-nm/
New York,https://www.sixt.com/car-rental/usa/new-york/
New York City,https://www.sixt.com/car-rental/usa/new-york-city/
Newark NJ,https://www.sixt.com/car-rental/usa/newark/
North Carolina,https://www.sixt.com/car-rental/usa/north-carolina/
Oahu,https://www.sixt.com/car-rental/usa/oahu/
Ohio,https://www.sixt.com/car-rental/usa/ohio/
Oregon,https://www.sixt.com/car-rental/usa/oregon/
Orlando,https://www.sixt.com/car-rental/usa/orlando/
Palm Beach,https://www.sixt.com/car-rental/usa/palm-beach/
Pennsylvania,https://www.sixt.com/car-rental/usa/pennsylvania/
Philadelphia,https://www.sixt.com/car-rental/usa/philadelphia/
Phoenix,https://www.sixt.com/car-rental/usa/phoenix/
Pittsburgh,https://www.sixt.com/car-rental/usa/pittsburgh/
Pompano Beach,https://www.sixt.com/car-rental/usa/pompano-beach/
"Portland, OR",https://www.sixt.com/car-rental/usa/portland/
Renton,https://www.sixt.com/car-rental/usa/renton/
Salt Lake City,https://www.sixt.com/car-rental/usa/salt-lake-city/
San Antonio,https://www.sixt.com/car-rental/usa/san-antonio/
"San Diego, CA",https://www.sixt.com/car-rental/usa/san-diego-ca/
San Francisco,https://www.sixt.com/car-rental/usa/san-francisco/
San Jose CA,https://www.sixt.com/car-rental/usa/san-jose-ca/
"Santa Monica, CA",https://www.sixt.com/car-rental/usa/santa-monica-ca/
Seattle,https://www.sixt.com/car-rental/usa/seattle/
Springfield,https://www.sixt.com/car-rental/usa/springfield/
St Paul MN,https://www.sixt.com/car-rental/usa/st-paul-mn/
Tacoma,https://www.sixt.com/car-rental/usa/tacoma/
Tampa,https://www.sixt.com/car-rental/usa/tampa/
Tennessee,https://www.sixt.com/car-rental/usa/tennessee/
Texas,https://www.sixt.com/car-rental/usa/texas/
Utah,https://www.sixt.com/car-rental/usa/utah/
Vail/Eagle,https://www.sixt.com/car-rental/usa/vail/
Virginia,https://www.sixt.com/car-rental/usa/virginia/
Washington,https://www.sixt.com/car-rental/usa/washington/
Washington DC,https://www.sixt.com/car-rental/usa/washington-dc/
West Haven,https://www.sixt.com/car-rental/usa/west-haven/
West Palm Beach,https://www.sixt.com/car-rental/usa/west-palm-beach/
